t,id,index,x,y
0,361,car,166,0
1,361,car,167,8
2,361,car,166,18
3,361,car,166,28
4,361,car,165,38
5,361,car,165,48
6,361,car,165,57
7,361,car,165,67
8,361,car,165,76
9,361,car,165,86
10,361,car,165,96
11,361,car,165,105
12,361,car,165,114
13,361,car,166,123
14,361,car,166,132
15,361,car,166,141
16,361,car,167,150
17,361,car,167,160
18,361,car,167,169
19,361,car,167,178
20,361,car,167,188
21,361,car,167,197
22,361,car,166,207
23,361,car,166,216
24,361,car,167,225
25,361,car,176,226
26,361,car,185,226
27,361,car,195,227
28,361,car,204,227
29,361,car,213,227
30,361,car,222,228
31,361,car,231,229
32,361,car,241,229
33,361,car,251,229
34,361,car,260,229
35,361,car,269,230
36,361,car,279,230
37,361,car,288,230
38,361,car,298,230
39,361,car,307,230
40,361,car,316,231
41,361,car,326,230
42,361,car,336,231
43,361,car,345,232
44,361,car,354,231
45,361,car,364,232
46,361,car,374,232
47,361,car,383,232
48,361,car,392,232
49,362,car,166,0
50,362,car,166,9
51,362,car,166,19
52,362,car,166,28
53,362,car,166,38
54,362,car,166,47
55,362,car,166,56
56,362,car,166,65
57,362,car,166,75
58,362,car,166,85
59,362,car,166,94
60,362,car,166,103
61,362,car,167,112
62,362,car,166,122
63,362,car,167,131
64,362,car,167,140
65,362,car,167,149
66,362,car,168,158
67,362,car,167,168
68,362,car,167,178
69,362,car,167,187
70,362,car,166,197
71,362,car,166,206
72,362,car,166,216
73,362,car,167,224
74,362,car,176,225
75,362,car,185,226
76,362,car,194,226
77,362,car,204,226
78,362,car,214,226
79,362,car,223,227
80,362,car,232,227
81,362,car,242,227
82,362,car,251,228
83,362,car,261,228
84,362,car,270,228
85,362,car,279,229
86,362,car,289,229
87,362,car,298,229
88,362,car,307,230
89,362,car,317,230
90,362,car,327,230
91,362,car,336,230
92,362,car,346,230
93,362,car,356,231
94,362,car,365,231
95,362,car,375,232
96,362,car,385,232
97,362,car,394,232
98,363,car,166,0
99,363,car,166,9
100,363,car,167,18
101,363,car,167,27
102,363,car,166,37
103,363,car,166,47
104,363,car,166,56
105,363,car,166,66
106,363,car,166,75
107,363,car,166,85
108,363,car,166,94
109,363,car,166,104
110,363,car,166,113
111,363,car,166,122
112,363,car,166,132
113,363,car,166,141
114,363,car,166,151
115,363,car,165,161
116,363,car,165,171
117,363,car,166,179
118,363,car,166,189
119,363,car,166,199
120,363,car,166,208
121,363,car,166,218
122,363,car,165,228
123,363,car,175,228
124,363,car,184,228
125,363,car,194,228
126,363,car,203,229
127,363,car,212,230
128,363,car,221,230
129,363,car,230,231
130,363,car,239,231
131,363,car,249,231
132,363,car,258,232
133,363,car,267,232
134,363,car,276,232
135,363,car,285,233
136,363,car,295,232
137,363,car,304,232
138,363,car,313,233
139,363,car,323,232
140,363,car,333,232
141,363,car,342,233
142,363,car,351,232
143,363,car,361,232
144,363,car,370,233
145,363,car,380,233
146,363,car,389,233
147,364,car,166,0
148,364,car,166,9
149,364,car,166,18
150,364,car,166,28
151,364,car,166,37
152,364,car,166,47
153,364,car,166,56
154,364,car,166,65
155,364,car,167,75
156,364,car,166,84
157,364,car,167,93
158,364,car,167,102
159,364,car,166,112
160,364,car,166,122
161,364,car,166,131
162,364,car,167,140
163,364,car,167,149
164,364,car,167,158
165,364,car,167,168
166,364,car,167,177
167,364,car,167,186
168,364,car,167,195
169,364,car,167,205
170,364,car,166,215
171,364,car,166,224
172,364,car,176,224
173,364,car,185,225
174,364,car,194,226
175,364,car,203,226
176,364,car,212,227
177,364,car,221,227
178,364,car,231,227
179,364,car,240,228
180,364,car,249,229
181,364,car,258,229
182,364,car,268,229
183,364,car,278,229
184,364,car,287,229
185,364,car,297,229
186,364,car,307,229
187,364,car,316,230
188,364,car,326,230
189,364,car,336,230
190,364,car,345,230
191,364,car,355,230
192,364,car,365,230
193,364,car,374,232
194,364,car,383,233
195,364,car,392,233
196,365,car,166,0
197,365,car,166,9
198,365,car,166,19
199,365,car,166,28
200,365,car,166,38
201,365,car,166,47
202,365,car,166,57
203,365,car,166,66
204,365,car,166,75
205,365,car,166,85
206,365,car,166,94
207,365,car,165,104
208,365,car,166,113
209,365,car,165,123
210,365,car,166,132
211,365,car,166,142
212,365,car,166,151
213,365,car,166,161
214,365,car,166,169
215,365,car,166,179
216,365,car,167,188
217,365,car,166,198
218,365,car,166,208
219,365,car,166,217
220,365,car,166,227
221,365,car,176,227
222,365,car,185,227
223,365,car,194,227
224,365,car,203,228
225,365,car,212,229
226,365,car,222,229
227,365,car,231,229
228,365,car,240,229
229,365,car,250,230
230,365,car,259,230
231,365,car,269,229
232,365,car,278,230
233,365,car,287,231
234,365,car,297,230
235,365,car,307,230
236,365,car,316,231
237,365,car,326,231
238,365,car,336,231
239,365,car,344,232
240,365,car,354,232
241,365,car,363,232
242,365,car,373,232
243,365,car,382,233
244,365,car,391,233
245,366,car,166,0
246,366,car,166,9
247,366,car,167,18
248,366,car,167,27
249,366,car,167,36
250,366,car,167,46
251,366,car,167,55
252,366,car,167,64
253,366,car,167,74
254,366,car,167,83
255,366,car,167,93
256,366,car,168,102
257,366,car,167,112
258,366,car,166,122
259,366,car,166,131
260,366,car,166,141
261,366,car,167,150
262,366,car,166,159
263,366,car,166,169
264,366,car,166,178
265,366,car,166,188
266,366,car,166,197
267,366,car,166,207
268,366,car,166,216
269,366,car,166,225
270,366,car,167,235
271,366,car,167,243
272,366,car,167,253
273,366,car,167,262
274,366,car,167,272
275,366,car,167,281
276,366,car,167,290
277,366,car,167,300
278,366,car,167,309
279,366,car,167,319
280,366,car,167,328
281,366,car,167,337
282,366,car,168,346
283,366,car,167,356
284,366,car,167,365
285,366,car,167,374
286,366,car,166,384
287,366,car,166,393
288,367,car,166,0
289,367,car,166,9
290,367,car,166,19
291,367,car,166,28
292,367,car,166,38
293,367,car,165,48
294,367,car,165,58
295,367,car,165,67
296,367,car,166,76
297,367,car,166,85
298,367,car,166,94
299,367,car,167,103
300,367,car,167,112
301,367,car,167,122
302,367,car,167,131
303,367,car,167,141
304,367,car,167,150
305,367,car,167,159
306,367,car,167,168
307,367,car,167,178
308,367,car,167,187
309,367,car,167,197
310,367,car,167,206
311,367,car,167,215
312,367,car,167,224
313,367,car,168,233
314,367,car,168,242
315,367,car,168,252
316,367,car,168,261
317,367,car,168,271
318,367,car,167,280
319,367,car,167,289
320,367,car,167,299
321,367,car,167,309
322,367,car,167,318
323,367,car,167,328
324,367,car,167,337
325,367,car,166,347
326,367,car,166,356
327,367,car,166,366
328,367,car,167,375
329,367,car,166,384
330,367,car,166,394
331,368,car,166,0
332,368,car,167,8
333,368,car,166,18
334,368,car,166,28
335,368,car,166,38
336,368,car,166,47
337,368,car,166,57
338,368,car,166,65
339,368,car,166,75
340,368,car,166,85
341,368,car,166,94
342,368,car,166,103
343,368,car,166,113
344,368,car,166,122
345,368,car,166,132
346,368,car,166,141
347,368,car,166,151
348,368,car,166,160
349,368,car,166,169
350,368,car,166,179
351,368,car,166,188
352,368,car,167,197
353,368,car,167,206
354,368,car,167,215
355,368,car,168,224
356,368,car,168,233
357,368,car,167,243
358,368,car,167,253
359,368,car,167,262
360,368,car,167,271
361,368,car,167,281
362,368,car,167,291
363,368,car,166,301
364,368,car,167,310
365,368,car,167,319
366,368,car,167,328
367,368,car,166,338
368,368,car,166,348
369,368,car,166,357
370,368,car,166,366
371,368,car,167,375
372,368,car,166,385
373,368,car,166,394
374,369,car,166,0
375,369,car,167,9
376,369,car,167,18
377,369,car,166,28
378,369,car,166,37
379,369,car,166,46
380,369,car,166,56
381,369,car,166,65
382,369,car,167,75
383,369,car,166,84
384,369,car,166,94
385,369,car,166,103
386,369,car,166,112
387,369,car,166,122
388,369,car,167,131
389,369,car,167,140
390,369,car,167,149
391,369,car,168,158
392,369,car,167,168
393,369,car,167,177
394,369,car,168,186
395,369,car,168,195
396,369,car,168,205
397,369,car,168,214
398,369,car,168,224
399,369,car,168,232
400,369,car,168,242
401,369,car,168,252
402,369,car,167,261
403,369,car,167,271
404,369,car,167,280
405,369,car,167,290
406,369,car,166,300
407,369,car,167,309
408,369,car,167,318
409,369,car,166,328
410,369,car,167,337
411,369,car,167,346
412,369,car,166,356
413,369,car,166,365
414,369,car,166,375
415,369,car,167,384
416,369,car,166,394
417,370,car,166,0
418,370,car,166,9
419,370,car,166,19
420,370,car,166,28
421,370,car,166,37
422,370,car,166,47
423,370,car,166,56
424,370,car,166,66
425,370,car,166,75
426,370,car,166,85
427,370,car,165,95
428,370,car,165,104
429,370,car,165,114
430,370,car,166,123
431,370,car,165,133
432,370,car,165,143
433,370,car,164,153
434,370,car,164,162
435,370,car,164,172
436,370,car,165,181
437,370,car,165,189
438,370,car,165,199
439,370,car,165,209
440,370,car,166,218
441,370,car,166,227
442,370,car,167,235
443,370,car,166,245
444,370,car,166,255
445,370,car,167,264
446,370,car,167,273
447,370,car,167,282
448,370,car,167,291
449,370,car,167,301
450,370,car,168,309
451,370,car,168,318
452,370,car,167,328
453,370,car,167,338
454,370,car,167,348
455,370,car,167,357
456,370,car,167,366
457,370,car,167,375
458,370,car,166,385
459,370,car,166,395
460,371,car,166,0
461,371,car,166,9
462,371,car,166,18
463,371,car,166,28
464,371,car,165,38
465,371,car,165,48
466,371,car,165,57
467,371,car,165,66
468,371,car,166,75
469,371,car,167,84
470,371,car,167,94
471,371,car,166,103
472,371,car,167,112
473,371,car,167,121
474,371,car,167,131
475,371,car,167,140
476,371,car,167,149
477,371,car,167,158
478,371,car,157,159
479,371,car,147,160
480,371,car,137,161
481,371,car,127,162
482,371,car,119,161
483,371,car,110,161
484,371,car,100,162
485,371,car,91,162
486,371,car,81,163
487,371,car,71,164
488,371,car,62,164
489,371,car,53,164
490,371,car,43,165
491,371,car,33,165
492,371,car,23,166
493,371,car,13,167
494,371,car,4,166
495,372,car,166,0
496,372,car,166,9
497,372,car,166,18
498,372,car,166,28
499,372,car,165,38
500,372,car,165,48
501,372,car,165,57
502,372,car,166,66
503,372,car,165,76
504,372,car,165,86
505,372,car,165,96
506,372,car,165,105
507,372,car,166,114
508,372,car,166,123
509,372,car,166,133
510,372,car,166,142
511,372,car,166,152
512,372,car,166,161
513,372,car,157,161
514,372,car,147,161
515,372,car,138,162
516,372,car,129,162
517,372,car,120,162
518,372,car,111,162
519,372,car,101,162
520,372,car,92,162
521,372,car,82,163
522,372,car,73,163
523,372,car,64,163
524,372,car,55,164
525,372,car,45,165
526,372,car,35,165
527,372,car,25,166
528,372,car,16,165
529,372,car,7,165
530,373,car,166,0
531,373,car,166,9
532,373,car,166,18
533,373,car,167,27
534,373,car,167,36
535,373,car,168,45
536,373,car,168,54
537,373,car,167,64
538,373,car,167,74
539,373,car,166,84
540,373,car,166,93
541,373,car,166,103
542,373,car,166,112
543,373,car,166,122
544,373,car,166,131
545,373,car,166,141
546,373,car,165,151
547,373,car,166,160
548,373,car,156,161
549,373,car,148,160
550,373,car,139,160
551,373,car,129,161
552,373,car,121,160
553,373,car,111,161
554,373,car,101,162
555,373,car,91,163
556,373,car,82,163
557,373,car,72,164
558,373,car,63,164
559,373,car,53,164
560,373,car,44,165
561,373,car,35,165
562,373,car,26,165
563,373,car,17,165
564,373,car,8,165
565,374,car,166,0
566,374,car,166,9
567,374,car,166,18
568,374,car,166,28
569,374,car,166,38
570,374,car,166,47
571,374,car,166,57
572,374,car,166,66
573,374,car,166,75
574,374,car,166,84
575,374,car,166,94
576,374,car,166,103
577,374,car,167,112
578,374,car,168,121
579,374,car,167,130
580,374,car,168,139
581,374,car,167,149
582,374,car,167,158
583,374,car,157,159
584,374,car,147,159
585,374,car,138,160
586,374,car,129,160
587,374,car,119,161
588,374,car,110,161
589,374,car,100,162
590,374,car,90,162
591,374,car,82,162
592,374,car,72,163
593,374,car,62,164
594,374,car,53,164
595,374,car,44,164
596,374,car,34,164
597,374,car,25,165
598,374,car,15,165
599,374,car,6,166
600,375,car,166,0
601,375,car,166,9
602,375,car,166,19
603,375,car,166,28
604,375,car,165,38
605,375,car,165,48
606,375,car,166,57
607,375,car,166,66
608,375,car,166,75
609,375,car,166,85
610,375,car,166,94
611,375,car,166,103
612,375,car,166,113
613,375,car,166,122
614,375,car,167,131
615,375,car,166,141
616,375,car,166,151
617,375,car,166,160
618,375,car,157,161
619,375,car,147,161
620,375,car,138,161
621,375,car,128,162
622,375,car,119,162
623,375,car,109,163
624,375,car,100,163
625,375,car,90,163
626,375,car,81,164
627,375,car,72,164
628,375,car,62,164
629,375,car,52,165
630,375,car,43,165
631,375,car,33,166
632,375,car,24,166
633,375,car,14,166
634,375,car,6,165
635,376,car,233,400
636,376,car,233,390
637,376,car,233,380
638,376,car,233,371
639,376,car,233,361
640,376,car,233,352
641,376,car,233,342
642,376,car,234,333
643,376,car,234,322
644,376,car,234,313
645,376,car,234,304
646,376,car,233,295
647,376,car,234,285
648,376,car,233,276
649,376,car,233,267
650,376,car,233,258
651,376,car,233,248
652,376,car,233,238
653,376,car,234,228
654,376,car,233,219
655,376,car,234,209
656,376,car,233,200
657,376,car,233,191
658,376,car,233,181
659,376,car,233,172
660,376,car,224,171
661,376,car,214,172
662,376,car,204,172
663,376,car,195,171
664,376,car,186,171
665,376,car,176,171
666,376,car,166,171
667,376,car,157,171
668,376,car,147,170
669,376,car,138,169
670,376,car,129,169
671,376,car,120,169
672,376,car,110,169
673,376,car,100,169
674,376,car,91,169
675,376,car,81,169
676,376,car,71,169
677,376,car,62,169
678,376,car,53,168
679,376,car,43,168
680,376,car,33,168
681,376,car,24,167
682,376,car,15,167
683,376,car,5,167
684,377,car,233,400
685,377,car,233,390
686,377,car,232,381
687,377,car,232,372
688,377,car,232,362
689,377,car,232,353
690,377,car,232,343
691,377,car,232,334
692,377,car,233,324
693,377,car,233,315
694,377,car,233,305
695,377,car,233,296
696,377,car,233,286
697,377,car,234,276
698,377,car,234,266
699,377,car,234,257
700,377,car,233,248
701,377,car,234,238
702,377,car,233,229
703,377,car,233,220
704,377,car,233,210
705,377,car,233,200
706,377,car,233,191
707,377,car,232,182
708,377,car,233,172
709,377,car,223,173
710,377,car,213,173
711,377,car,204,173
712,377,car,194,172
713,377,car,186,171
714,377,car,176,171
715,377,car,167,171
716,377,car,157,170
717,377,car,148,170
718,377,car,139,169
719,377,car,130,169
720,377,car,121,168
721,377,car,112,168
722,377,car,102,168
723,377,car,93,168
724,377,car,84,167
725,377,car,74,167
726,377,car,65,166
727,377,car,56,166
728,377,car,47,166
729,377,car,38,166
730,377,car,28,166
731,377,car,19,166
732,377,car,9,166
733,378,car,233,400
734,378,car,233,390
735,378,car,233,381
736,378,car,232,372
737,378,car,233,362
738,378,car,232,353
739,378,car,233,343
740,378,car,233,334
741,378,car,232,325
742,378,car,232,315
743,378,car,233,305
744,378,car,234,295
745,378,car,234,285
746,378,car,234,276
747,378,car,234,267
748,378,car,233,258
749,378,car,232,249
750,378,car,233,239
751,378,car,233,229
752,378,car,233,220
753,378,car,233,211
754,378,car,233,201
755,378,car,232,192
756,378,car,232,183
757,378,car,233,174
758,378,car,223,174
759,378,car,214,173
760,378,car,204,173
761,378,car,195,172
762,378,car,186,172
763,378,car,176,172
764,378,car,167,172
765,378,car,157,172
766,378,car,148,171
767,378,car,138,171
768,378,car,129,170
769,378,car,119,171
770,378,car,109,171
771,378,car,99,171
772,378,car,89,171
773,378,car,80,171
774,378,car,70,171
775,378,car,60,170
776,378,car,51,169
777,378,car,41,169
778,378,car,31,169
779,378,car,22,168
780,378,car,13,167
781,378,car,4,166
782,379,car,233,400
783,379,car,233,390
784,379,car,233,380
785,379,car,233,371
786,379,car,233,362
787,379,car,233,352
788,379,car,233,342
789,379,car,233,334
790,379,car,233,324
791,379,car,234,314
792,379,car,233,305
793,379,car,233,295
794,379,car,233,286
795,379,car,232,277
796,379,car,233,267
797,379,car,233,257
798,379,car,234,247
799,379,car,233,238
800,379,car,233,229
801,379,car,233,220
802,379,car,232,211
803,379,car,233,201
804,379,car,233,191
805,379,car,233,182
806,379,car,233,172
807,379,car,224,172
808,379,car,215,171
809,379,car,205,172
810,379,car,195,172
811,379,car,185,172
812,379,car,175,172
813,379,car,166,172
814,379,car,156,172
815,379,car,146,172
816,379,car,136,172
817,379,car,128,171
818,379,car,118,171
819,379,car,108,171
820,379,car,98,171
821,379,car,89,170
822,379,car,80,169
823,379,car,71,168
824,379,car,62,167
825,379,car,53,167
826,379,car,43,168
827,379,car,33,168
828,379,car,23,168
829,379,car,13,168
830,379,car,4,166
831,380,car,233,400
832,380,car,232,391
833,380,car,233,381
834,380,car,233,371
835,380,car,233,362
836,380,car,233,352
837,380,car,233,343
838,380,car,233,333
839,380,car,232,325
840,380,car,232,315
841,380,car,233,305
842,380,car,232,296
843,380,car,232,287
844,380,car,232,278
845,380,car,232,269
846,380,car,232,259
847,380,car,232,250
848,380,car,232,240
849,380,car,233,230
850,380,car,233,221
851,380,car,233,211
852,380,car,233,201
853,380,car,233,192
854,380,car,233,183
855,380,car,233,173
856,380,car,224,173
857,380,car,214,173
858,380,car,205,172
859,380,car,196,172
860,380,car,187,171
861,380,car,177,171
862,380,car,168,170
863,380,car,158,170
864,380,car,149,170
865,380,car,140,170
866,380,car,130,169
867,380,car,122,168
868,380,car,113,168
869,380,car,103,168
870,380,car,93,168
871,380,car,83,169
872,380,car,74,168
873,380,car,64,168
874,380,car,54,168
875,380,car,44,168
876,380,car,35,168
877,380,car,25,168
878,380,car,16,167
879,380,car,7,166
880,381,car,233,400
881,381,car,233,390
882,381,car,233,381
883,381,car,234,371
884,381,car,233,361
885,381,car,233,352
886,381,car,233,343
887,381,car,233,333
888,381,car,234,323
889,381,car,234,314
890,381,car,234,304
891,381,car,234,294
892,381,car,234,285
893,381,car,234,275
894,381,car,234,266
895,381,car,234,256
896,381,car,234,247
897,381,car,234,238
898,381,car,233,229
899,381,car,234,219
900,381,car,234,209
901,381,car,234,200
902,381,car,234,191
903,381,car,234,181
904,381,car,234,171
905,381,car,234,161
906,381,car,235,152
907,381,car,234,143
908,381,car,234,133
909,381,car,234,124
910,381,car,233,115
911,381,car,233,106
912,381,car,233,96
913,381,car,233,87
914,381,car,233,77
915,381,car,233,68
916,381,car,233,58
917,381,car,232,50
918,381,car,232,41
919,381,car,232,31
920,381,car,233,22
921,381,car,233,11
922,382,car,233,400
923,382,car,233,390
924,382,car,233,380
925,382,car,234,370
926,382,car,235,360
927,382,car,234,351
928,382,car,235,341
929,382,car,235,332
930,382,car,235,322
931,382,car,236,312
932,382,car,235,303
933,382,car,235,293
934,382,car,235,284
935,382,car,235,274
936,382,car,235,265
937,382,car,234,256
938,382,car,234,246
939,382,car,235,236
940,382,car,235,227
941,382,car,235,217
942,382,car,235,208
943,382,car,235,198
944,382,car,235,188
945,382,car,235,179
946,382,car,235,170
947,382,car,234,161
948,382,car,234,151
949,382,car,234,142
950,382,car,234,132
951,382,car,234,123
952,382,car,234,113
953,382,car,234,103
954,382,car,234,94
955,382,car,233,85
956,382,car,233,76
957,382,car,233,67
958,382,car,234,57
959,382,car,233,47
960,382,car,233,38
961,382,car,234,28
962,382,car,233,19
963,382,car,233,10
964,383,car,233,400
965,383,car,233,390
966,383,car,233,381
967,383,car,233,371
968,383,car,233,362
969,383,car,232,353
970,383,car,233,343
971,383,car,232,334
972,383,car,232,325
973,383,car,232,315
974,383,car,232,307
975,383,car,232,297
976,383,car,231,288
977,383,car,231,279
978,383,car,232,269
979,383,car,232,260
980,383,car,232,250
981,383,car,233,240
982,383,car,232,231
983,383,car,232,222
984,383,car,232,213
985,383,car,232,203
986,383,car,232,193
987,383,car,232,184
988,383,car,232,175
989,383,car,231,166
990,383,car,231,157
991,383,car,231,148
992,383,car,230,139
993,383,car,230,130
994,383,car,231,120
995,383,car,231,111
996,383,car,231,101
997,383,car,231,92
998,383,car,232,82
999,383,car,232,72
1000,383,car,232,63
1001,383,car,232,54
1002,383,car,232,44
1003,383,car,232,36
1004,383,car,232,26
1005,383,car,231,18
1006,383,car,232,8
1007,384,car,233,400
1008,384,car,232,390
1009,384,car,232,381
1010,384,car,232,372
1011,384,car,233,362
1012,384,car,232,353
1013,384,car,233,343
1014,384,car,232,334
1015,384,car,232,325
1016,384,car,232,315
1017,384,car,232,306
1018,384,car,232,297
1019,384,car,232,287
1020,384,car,232,278
1021,384,car,233,268
1022,384,car,232,259
1023,384,car,232,249
1024,384,car,232,240
1025,384,car,233,230
1026,384,car,232,221
1027,384,car,232,212
1028,384,car,232,202
1029,384,car,233,193
1030,384,car,232,184
1031,384,car,232,174
1032,384,car,232,165
1033,384,car,232,156
1034,384,car,233,146
1035,384,car,232,136
1036,384,car,232,128
1037,384,car,232,118
1038,384,car,232,109
1039,384,car,232,100
1040,384,car,232,90
1041,384,car,231,81
1042,384,car,232,71
1043,384,car,232,62
1044,384,car,232,53
1045,384,car,232,44
1046,384,car,233,34
1047,384,car,233,24
1048,384,car,233,14
1049,384,car,233,4
1050,385,car,233,400
1051,385,car,233,390
1052,385,car,234,380
1053,385,car,234,370
1054,385,car,233,361
1055,385,car,234,352
1056,385,car,234,341
1057,385,car,234,332
1058,385,car,234,322
1059,385,car,234,313
1060,385,car,235,303
1061,385,car,234,294
1062,385,car,234,285
1063,385,car,235,275
1064,385,car,234,266
1065,385,car,234,257
1066,385,car,233,248
1067,385,car,234,238
1068,385,car,233,229
1069,385,car,233,220
1070,385,car,232,211
1071,385,car,233,201
1072,385,car,233,192
1073,385,car,233,182
1074,385,car,233,173
1075,385,car,232,164
1076,385,car,232,155
1077,385,car,232,145
1078,385,car,233,135
1079,385,car,233,125
1080,385,car,234,115
1081,385,car,234,106
1082,385,car,233,97
1083,385,car,233,88
1084,385,car,233,78
1085,385,car,233,69
1086,385,car,233,59
1087,385,car,233,50
1088,385,car,234,40
1089,385,car,233,30
1090,385,car,234,20
1091,385,car,234,11
1092,386,car,233,400
1093,386,car,233,390
1094,386,car,233,380
1095,386,car,233,371
1096,386,car,233,362
1097,386,car,234,351
1098,386,car,233,342
1099,386,car,233,333
1100,386,car,233,324
1101,386,car,234,314
1102,386,car,234,304
1103,386,car,234,294
1104,386,car,234,284
1105,386,car,234,274
1106,386,car,234,265
1107,386,car,233,256
1108,386,car,233,247
1109,386,car,233,238
1110,386,car,241,238
1111,386,car,251,238
1112,386,car,260,238
1113,386,car,270,237
1114,386,car,279,237
1115,386,car,289,236
1116,386,car,298,236
1117,386,car,307,236
1118,386,car,316,236
1119,386,car,325,236
1120,386,car,334,237
1121,386,car,343,237
1122,386,car,352,236
1123,386,car,361,235
1124,386,car,371,235
1125,386,car,380,234
1126,386,car,389,234
1127,387,car,233,400
1128,387,car,232,391
1129,387,car,232,381
1130,387,car,232,372
1131,387,car,232,363
1132,387,car,233,353
1133,387,car,233,343
1134,387,car,234,333
1135,387,car,234,323
1136,387,car,234,314
1137,387,car,233,305
1138,387,car,233,295
1139,387,car,233,286
1140,387,car,233,277
1141,387,car,232,268
1142,387,car,232,259
1143,387,car,232,250
1144,387,car,233,240
1145,387,car,242,240
1146,387,car,251,239
1147,387,car,260,240
1148,387,car,270,239
1149,387,car,279,238
1150,387,car,289,238
1151,387,car,298,238
1152,387,car,308,237
1153,387,car,317,237
1154,387,car,326,237
1155,387,car,335,237
1156,387,car,344,236
1157,387,car,353,236
1158,387,car,363,235
1159,387,car,372,235
1160,387,car,382,234
1161,387,car,391,234
1162,388,car,233,400
1163,388,car,233,390
1164,388,car,232,381
1165,388,car,233,371
1166,388,car,233,362
1167,388,car,232,353
1168,388,car,232,344
1169,388,car,232,334
1170,388,car,232,325
1171,388,car,232,315
1172,388,car,233,305
1173,388,car,233,296
1174,388,car,234,286
1175,388,car,233,276
1176,388,car,233,267
1177,388,car,233,258
1178,388,car,233,249
1179,388,car,233,239
1180,388,car,242,239
1181,388,car,251,239
1182,388,car,261,238
1183,388,car,270,238
1184,388,car,279,238
1185,388,car,289,237
1186,388,car,299,236
1187,388,car,308,237
1188,388,car,317,237
1189,388,car,326,236
1190,388,car,336,236
1191,388,car,346,235
1192,388,car,355,234
1193,388,car,364,234
1194,388,car,373,234
1195,388,car,382,234
1196,388,car,392,233
1197,389,car,233,400
1198,389,car,232,390
1199,389,car,232,382
1200,389,car,232,372
1201,389,car,232,363
1202,389,car,231,354
1203,389,car,231,345
1204,389,car,232,335
1205,389,car,232,325
1206,389,car,232,316
1207,389,car,233,306
1208,389,car,232,297
1209,389,car,232,288
1210,389,car,232,279
1211,389,car,232,270
1212,389,car,232,260
1213,389,car,232,251
1214,389,car,233,242
1215,389,car,242,241
1216,389,car,251,241
1217,389,car,260,241
1218,389,car,269,241
1219,389,car,278,241
1220,389,car,288,240
1221,389,car,297,239
1222,389,car,307,239
1223,389,car,317,237
1224,389,car,326,237
1225,389,car,336,236
1226,389,car,346,235
1227,389,car,355,234
1228,389,car,365,234
1229,389,car,374,234
1230,389,car,384,233
1231,389,car,393,233
1232,390,car,233,400
1233,390,car,233,390
1234,390,car,233,380
1235,390,car,233,371
1236,390,car,232,362
1237,390,car,232,353
1238,390,car,232,344
1239,390,car,233,334
1240,390,car,233,324
1241,390,car,234,314
1242,390,car,234,304
1243,390,car,234,295
1244,390,car,234,285
1245,390,car,235,275
1246,390,car,234,265
1247,390,car,234,255
1248,390,car,233,246
1249,390,car,233,236
1250,390,car,243,236
1251,390,car,252,236
1252,390,car,262,235
1253,390,car,271,235
1254,390,car,281,235
1255,390,car,291,234
1256,390,car,300,234
1257,390,car,309,234
1258,390,car,319,234
1259,390,car,329,234
1260,390,car,338,234
1261,390,car,348,233
1262,390,car,357,233
1263,390,car,367,233
1264,390,car,376,233
1265,390,car,385,234
1266,390,car,394,234
1267,391,car,0,233
1268,391,car,8,233
1269,391,car,18,233
1270,391,car,28,233
1271,391,car,36,234
1272,391,car,45,234
1273,391,car,55,234
1274,391,car,64,234
1275,391,car,74,234
1276,391,car,83,234
1277,391,car,91,235
1278,391,car,101,235
1279,391,car,110,235
1280,391,car,119,235
1281,391,car,128,235
1282,391,car,138,234
1283,391,car,148,234
1284,391,car,157,234
1285,391,car,167,234
1286,391,car,176,234
1287,391,car,186,233
1288,391,car,195,233
1289,391,car,205,233
1290,391,car,214,233
1291,391,car,223,234
1292,391,car,223,224
1293,391,car,223,216
1294,391,car,224,206
1295,391,car,224,196
1296,391,car,224,187
1297,391,car,225,178
1298,391,car,225,169
1299,391,car,225,159
1300,391,car,225,151
1301,391,car,225,142
1302,391,car,225,133
1303,391,car,225,124
1304,391,car,226,114
1305,391,car,226,105
1306,391,car,228,95
1307,391,car,228,85
1308,391,car,229,76
1309,391,car,229,67
1310,391,car,229,58
1311,391,car,230,48
1312,391,car,230,39
1313,391,car,231,29
1314,391,car,232,20
1315,391,car,232,11
1316,392,car,0,233
1317,392,car,9,233
1318,392,car,19,232
1319,392,car,29,232
1320,392,car,38,232
1321,392,car,47,232
1322,392,car,57,232
1323,392,car,67,232
1324,392,car,76,232
1325,392,car,87,231
1326,392,car,96,231
1327,392,car,105,231
1328,392,car,115,231
1329,392,car,125,231
1330,392,car,134,231
1331,392,car,143,231
1332,392,car,153,232
1333,392,car,163,231
1334,392,car,173,231
1335,392,car,182,231
1336,392,car,192,232
1337,392,car,201,232
1338,392,car,210,233
1339,392,car,219,233
1340,392,car,228,233
1341,392,car,229,223
1342,392,car,229,214
1343,392,car,229,204
1344,392,car,230,194
1345,392,car,230,185
1346,392,car,230,176
1347,392,car,230,166
1348,392,car,231,156
1349,392,car,231,148
1350,392,car,230,139
1351,392,car,231,129
1352,392,car,230,120
1353,392,car,231,110
1354,392,car,232,100
1355,392,car,231,91
1356,392,car,232,81
1357,392,car,233,71
1358,392,car,232,62
1359,392,car,232,53
1360,392,car,232,44
1361,392,car,232,35
1362,392,car,232,26
1363,392,car,232,16
1364,392,car,232,7
1365,393,car,0,233
1366,393,car,9,232
1367,393,car,19,232
1368,393,car,28,233
1369,393,car,38,232
1370,393,car,47,233
1371,393,car,57,232
1372,393,car,66,232
1373,393,car,76,232
1374,393,car,85,232
1375,393,car,95,232
1376,393,car,105,232
1377,393,car,114,232
1378,393,car,123,232
1379,393,car,132,232
1380,393,car,142,232
1381,393,car,152,232
1382,393,car,161,232
1383,393,car,171,232
1384,393,car,180,233
1385,393,car,190,232
1386,393,car,199,233
1387,393,car,208,233
1388,393,car,217,233
1389,393,car,226,233
1390,393,car,227,223
1391,393,car,227,214
1392,393,car,227,205
1393,393,car,227,196
1394,393,car,227,187
1395,393,car,227,177
1396,393,car,227,168
1397,393,car,227,159
1398,393,car,228,150
1399,393,car,228,141
1400,393,car,228,131
1401,393,car,229,121
1402,393,car,229,112
1403,393,car,229,103
1404,393,car,229,94
1405,393,car,229,84
1406,393,car,230,74
1407,393,car,231,65
1408,393,car,232,55
1409,393,car,232,45
1410,393,car,232,36
1411,393,car,233,26
1412,393,car,233,16
1413,393,car,233,6
1414,394,car,0,233
1415,394,car,9,233
1416,394,car,18,233
1417,394,car,27,233
1418,394,car,37,233
1419,394,car,47,233
1420,394,car,56,233
1421,394,car,65,233
1422,394,car,75,233
1423,394,car,85,233
1424,394,car,94,233
1425,394,car,104,232
1426,394,car,113,232
1427,394,car,123,232
1428,394,car,131,233
1429,394,car,140,233
1430,394,car,150,233
1431,394,car,160,233
1432,394,car,170,232
1433,394,car,179,233
1434,394,car,188,233
1435,394,car,197,233
1436,394,car,206,233
1437,394,car,216,233
1438,394,car,226,232
1439,394,car,226,223
1440,394,car,227,213
1441,394,car,228,203
1442,394,car,228,193
1443,394,car,229,183
1444,394,car,229,174
1445,394,car,229,165
1446,394,car,230,155
1447,394,car,230,146
1448,394,car,230,136
1449,394,car,231,126
1450,394,car,231,117
1451,394,car,231,107
1452,394,car,231,98
1453,394,car,232,88
1454,394,car,232,79
1455,394,car,232,69
1456,394,car,232,60
1457,394,car,232,51
1458,394,car,233,41
1459,394,car,233,31
1460,394,car,233,22
1461,394,car,232,13
1462,394,car,233,3
1463,395,car,0,233
1464,395,car,9,233
1465,395,car,19,232
1466,395,car,29,232
1467,395,car,38,232
1468,395,car,47,233
1469,395,car,56,233
1470,395,car,65,234
1471,395,car,74,234
1472,395,car,83,234
1473,395,car,92,234
1474,395,car,102,234
1475,395,car,111,234
1476,395,car,120,234
1477,395,car,130,234
1478,395,car,139,234
1479,395,car,149,233
1480,395,car,158,234
1481,395,car,167,234
1482,395,car,176,234
1483,395,car,185,234
1484,395,car,194,234
1485,395,car,204,234
1486,395,car,213,234
1487,395,car,223,233
1488,395,car,224,223
1489,395,car,224,214
1490,395,car,224,204
1491,395,car,225,195
1492,395,car,225,186
1493,395,car,225,176
1494,395,car,226,167
1495,395,car,226,157
1496,395,car,226,149
1497,395,car,227,139
1498,395,car,228,129
1499,395,car,228,120
1500,395,car,228,110
1501,395,car,229,101
1502,395,car,229,91
1503,395,car,229,82
1504,395,car,229,73
1505,395,car,229,64
1506,395,car,230,55
1507,395,car,230,45
1508,395,car,231,36
1509,395,car,231,27
1510,395,car,232,17
1511,395,car,232,8
1512,396,car,0,233
1513,396,car,9,233
1514,396,car,18,233
1515,396,car,28,232
1516,396,car,38,233
1517,396,car,47,232
1518,396,car,57,232
1519,396,car,66,232
1520,396,car,75,232
1521,396,car,85,232
1522,396,car,95,232
1523,396,car,105,232
1524,396,car,114,232
1525,396,car,123,232
1526,396,car,132,232
1527,396,car,142,232
1528,396,car,151,232
1529,396,car,161,232
1530,396,car,170,233
1531,396,car,179,233
1532,396,car,189,233
1533,396,car,198,232
1534,396,car,208,232
1535,396,car,218,232
1536,396,car,227,232
1537,396,car,237,232
1538,396,car,247,231
1539,396,car,256,232
1540,396,car,265,232
1541,396,car,275,232
1542,396,car,284,232
1543,396,car,293,233
1544,396,car,302,233
1545,396,car,311,233
1546,396,car,320,234
1547,396,car,329,234
1548,396,car,338,234
1549,396,car,347,234
1550,396,car,356,234
1551,396,car,366,234
1552,396,car,376,233
1553,396,car,386,232
1554,396,car,395,233
1555,397,car,0,233
1556,397,car,9,233
1557,397,car,18,233
1558,397,car,27,234
1559,397,car,37,233
1560,397,car,47,233
1561,397,car,55,233
1562,397,car,65,233
1563,397,car,74,233
1564,397,car,84,233
1565,397,car,94,233
1566,397,car,102,233
1567,397,car,112,233
1568,397,car,122,233
1569,397,car,131,233
1570,397,car,141,233
1571,397,car,150,233
1572,397,car,159,233
1573,397,car,169,233
1574,397,car,178,233
1575,397,car,187,233
1576,397,car,197,233
1577,397,car,207,233
1578,397,car,216,233
1579,397,car,226,233
1580,397,car,235,233
1581,397,car,245,232
1582,397,car,254,232
1583,397,car,264,232
1584,397,car,273,233
1585,397,car,283,232
1586,397,car,292,233
1587,397,car,301,233
1588,397,car,310,234
1589,397,car,319,234
1590,397,car,328,234
1591,397,car,337,234
1592,397,car,347,233
1593,397,car,357,233
1594,397,car,366,233
1595,397,car,375,233
1596,397,car,384,234
1597,397,car,393,233
1598,398,car,0,233
1599,398,car,9,233
1600,398,car,19,232
1601,398,car,28,232
1602,398,car,38,233
1603,398,car,47,232
1604,398,car,57,232
1605,398,car,66,233
1606,398,car,76,232
1607,398,car,84,233
1608,398,car,94,232
1609,398,car,104,232
1610,398,car,113,233
1611,398,car,123,232
1612,398,car,132,232
1613,398,car,141,233
1614,398,car,151,232
1615,398,car,160,233
1616,398,car,170,232
1617,398,car,179,232
1618,398,car,189,232
1619,398,car,199,232
1620,398,car,208,232
1621,398,car,218,231
1622,398,car,228,232
1623,398,car,237,231
1624,398,car,247,231
1625,398,car,256,232
1626,398,car,266,231
1627,398,car,276,231
1628,398,car,285,231
1629,398,car,294,231
1630,398,car,304,232
1631,398,car,313,232
1632,398,car,323,232
1633,398,car,332,232
1634,398,car,341,233
1635,398,car,350,233
1636,398,car,359,233
1637,398,car,369,233
1638,398,car,378,233
1639,398,car,388,233
1640,399,car,0,233
1641,399,car,8,233
1642,399,car,18,233
1643,399,car,27,234
1644,399,car,37,233
1645,399,car,46,233
1646,399,car,56,233
1647,399,car,66,232
1648,399,car,75,232
1649,399,car,85,232
1650,399,car,94,232
1651,399,car,103,233
1652,399,car,113,233
1653,399,car,123,232
1654,399,car,131,233
1655,399,car,141,233
1656,399,car,151,233
1657,399,car,160,233
1658,399,car,170,233
1659,399,car,179,232
1660,399,car,188,233
1661,399,car,197,233
1662,399,car,207,233
1663,399,car,217,232
1664,399,car,226,233
1665,399,car,235,233
1666,399,car,245,232
1667,399,car,254,233
1668,399,car,263,233
1669,399,car,272,234
1670,399,car,282,233
1671,399,car,291,234
1672,399,car,300,234
1673,399,car,309,234
1674,399,car,319,234
1675,399,car,328,234
1676,399,car,338,233
1677,399,car,348,232
1678,399,car,358,232
1679,399,car,368,232
1680,399,car,377,233
1681,399,car,387,232
1682,400,car,0,233
1683,400,car,9,233
1684,400,car,18,233
1685,400,car,28,233
1686,400,car,37,233
1687,400,car,47,233
1688,400,car,56,233
1689,400,car,66,232
1690,400,car,76,232
1691,400,car,85,232
1692,400,car,95,232
1693,400,car,104,232
1694,400,car,113,232
1695,400,car,123,232
1696,400,car,132,232
1697,400,car,142,232
1698,400,car,152,231
1699,400,car,162,231
1700,400,car,171,231
1701,400,car,180,231
1702,400,car,190,232
1703,400,car,198,232
1704,400,car,207,233
1705,400,car,217,233
1706,400,car,227,232
1707,400,car,236,232
1708,400,car,245,233
1709,400,car,254,233
1710,400,car,263,234
1711,400,car,273,234
1712,400,car,281,234
1713,400,car,290,234
1714,400,car,300,235
1715,400,car,308,235
1716,400,car,318,235
1717,400,car,327,235
1718,400,car,337,234
1719,400,car,346,234
1720,400,car,355,234
1721,400,car,365,233
1722,400,car,374,234
1723,400,car,384,233
1724,400,car,393,233
1725,401,car,0,233
1726,401,car,9,232
1727,401,car,19,232
1728,401,car,28,233
1729,401,car,38,233
1730,401,car,47,233
1731,401,car,57,232
1732,401,car,66,232
1733,401,car,76,232
1734,401,car,85,232
1735,401,car,95,232
1736,401,car,105,232
1737,401,car,115,232
1738,401,car,124,232
1739,401,car,133,233
1740,401,car,142,233
1741,401,car,152,233
1742,401,car,161,233
1743,401,car,161,243
1744,401,car,161,253
1745,401,car,161,262
1746,401,car,161,272
1747,401,car,162,281
1748,401,car,162,291
1749,401,car,163,299
1750,401,car,164,308
1751,401,car,163,318
1752,401,car,164,327
1753,401,car,164,337
1754,401,car,164,346
1755,401,car,165,356
1756,401,car,165,365
1757,401,car,165,375
1758,401,car,165,385
1759,401,car,166,394
1760,402,car,0,233
1761,402,car,9,233
1762,402,car,18,233
1763,402,car,28,233
1764,402,car,37,233
1765,402,car,46,233
1766,402,car,55,233
1767,402,car,64,234
1768,402,car,74,233
1769,402,car,84,233
1770,402,car,94,233
1771,402,car,103,233
1772,402,car,113,233
1773,402,car,122,232
1774,402,car,131,233
1775,402,car,140,234
1776,402,car,150,233
1777,402,car,159,233
1778,402,car,159,243
1779,402,car,159,253
1780,402,car,160,261
1781,402,car,161,271
1782,402,car,161,280
1783,402,car,162,289
1784,402,car,162,299
1785,402,car,162,309
1786,402,car,162,319
1787,402,car,163,328
1788,402,car,164,337
1789,402,car,164,346
1790,402,car,164,355
1791,402,car,165,365
1792,402,car,165,374
1793,402,car,165,384
1794,402,car,166,394
1795,403,car,0,233
1796,403,car,9,232
1797,403,car,18,233
1798,403,car,28,232
1799,403,car,37,233
1800,403,car,47,232
1801,403,car,57,232
1802,403,car,66,232
1803,403,car,75,233
1804,403,car,85,233
1805,403,car,94,233
1806,403,car,102,234
1807,403,car,112,234
1808,403,car,121,234
1809,403,car,130,234
1810,403,car,139,234
1811,403,car,149,233
1812,403,car,158,233
1813,403,car,158,243
1814,403,car,158,253
1815,403,car,160,261
1816,403,car,160,270
1817,403,car,161,279
1818,403,car,162,288
1819,403,car,162,298
1820,403,car,163,307
1821,403,car,163,317
1822,403,car,163,326
1823,403,car,164,335
1824,403,car,165,344
1825,403,car,165,354
1826,403,car,165,364
1827,403,car,165,373
1828,403,car,166,382
1829,403,car,166,391
1830,404,car,0,233
1831,404,car,9,233
1832,404,car,18,233
1833,404,car,28,233
1834,404,car,37,233
1835,404,car,47,233
1836,404,car,57,232
1837,404,car,66,232
1838,404,car,76,232
1839,404,car,86,232
1840,404,car,95,232
1841,404,car,104,233
1842,404,car,114,232
1843,404,car,123,232
1844,404,car,132,233
1845,404,car,141,233
1846,404,car,151,233
1847,404,car,161,232
1848,404,car,161,242
1849,404,car,161,252
1850,404,car,161,261
1851,404,car,162,270
1852,404,car,162,279
1853,404,car,163,289
1854,404,car,163,298
1855,404,car,163,308
1856,404,car,163,318
1857,404,car,164,327
1858,404,car,163,337
1859,404,car,164,346
1860,404,car,165,355
1861,404,car,165,365
1862,404,car,165,375
1863,404,car,165,384
1864,404,car,166,394
1865,405,car,0,233
1866,405,car,8,233
1867,405,car,18,233
1868,405,car,28,233
1869,405,car,37,233
1870,405,car,46,233
1871,405,car,56,233
1872,405,car,66,232
1873,405,car,75,232
1874,405,car,85,232
1875,405,car,95,232
1876,405,car,104,233
1877,405,car,113,233
1878,405,car,122,233
1879,405,car,132,233
1880,405,car,141,233
1881,405,car,151,232
1882,405,car,160,233
1883,405,car,160,242
1884,405,car,161,251
1885,405,car,162,260
1886,405,car,163,269
1887,405,car,163,279
1888,405,car,163,288
1889,405,car,163,298
1890,405,car,163,308
1891,405,car,163,318
1892,405,car,164,327
1893,405,car,164,336
1894,405,car,165,344
1895,405,car,165,354
1896,405,car,166,363
1897,405,car,166,373
1898,405,car,167,381
1899,405,car,166,391
1900,406,car,400,166
1901,406,car,390,166
1902,406,car,381,166
1903,406,car,371,166
1904,406,car,361,167
1905,406,car,351,168
1906,406,car,341,168
1907,406,car,332,167
1908,406,car,322,168
1909,406,car,313,168
1910,406,car,303,168
1911,406,car,294,168
1912,406,car,284,167
1913,406,car,274,168
1914,406,car,265,167
1915,406,car,256,167
1916,406,car,247,167
1917,406,car,237,167
1918,406,car,227,167
1919,406,car,218,167
1920,406,car,208,167
1921,406,car,198,167
1922,406,car,189,168
1923,406,car,179,167
1924,406,car,179,176
1925,406,car,178,186
1926,406,car,178,195
1927,406,car,177,204
1928,406,car,177,214
1929,406,car,175,224
1930,406,car,175,234
1931,406,car,175,243
1932,406,car,175,251
1933,406,car,174,261
1934,406,car,174,270
1935,406,car,173,280
1936,406,car,172,289
1937,406,car,171,299
1938,406,car,170,309
1939,406,car,170,318
1940,406,car,170,328
1941,406,car,170,337
1942,406,car,169,346
1943,406,car,168,356
1944,406,car,167,366
1945,406,car,168,375
1946,406,car,168,383
1947,406,car,167,392
1948,407,car,400,166
1949,407,car,390,166
1950,407,car,381,166
1951,407,car,372,165
1952,407,car,362,166
1953,407,car,352,166
1954,407,car,343,166
1955,407,car,334,165
1956,407,car,324,166
1957,407,car,315,166
1958,407,car,306,165
1959,407,car,297,165
1960,407,car,288,165
1961,407,car,279,165
1962,407,car,269,165
1963,407,car,259,166
1964,407,car,250,166
1965,407,car,241,166
1966,407,car,231,165
1967,407,car,222,165
1968,407,car,212,166
1969,407,car,203,166
1970,407,car,194,165
1971,407,car,184,166
1972,407,car,175,166
1973,407,car,175,176
1974,407,car,174,185
1975,407,car,174,195
1976,407,car,173,204
1977,407,car,172,215
1978,407,car,171,224
1979,407,car,171,234
1980,407,car,171,243
1981,407,car,170,253
1982,407,car,170,262
1983,407,car,170,271
1984,407,car,170,280
1985,407,car,170,290
1986,407,car,169,300
1987,407,car,169,309
1988,407,car,169,318
1989,407,car,169,327
1990,407,car,168,337
1991,407,car,167,347
1992,407,car,168,356
1993,407,car,167,365
1994,407,car,168,374
1995,407,car,167,384
1996,407,car,166,394
1997,408,car,400,166
1998,408,car,390,167
1999,408,car,380,167
2000,408,car,370,167
2001,408,car,361,167
2002,408,car,351,167
2003,408,car,341,168
2004,408,car,331,168
2005,408,car,322,168
2006,408,car,313,167
2007,408,car,304,167
2008,408,car,295,167
2009,408,car,285,167
2010,408,car,275,167
2011,408,car,266,167
2012,408,car,257,167
2013,408,car,248,166
2014,408,car,238,166
2015,408,car,229,166
2016,408,car,219,167
2017,408,car,210,166
2018,408,car,201,166
2019,408,car,192,165
2020,408,car,183,165
2021,408,car,173,166
2022,408,car,173,176
2023,408,car,173,185
2024,408,car,173,194
2025,408,car,172,204
2026,408,car,172,213
2027,408,car,172,222
2028,408,car,171,232
2029,408,car,172,241
2030,408,car,171,251
2031,408,car,170,260
2032,408,car,170,270
2033,408,car,169,280
2034,408,car,170,289
2035,408,car,169,298
2036,408,car,169,308
2037,408,car,169,317
2038,408,car,169,326
2039,408,car,169,335
2040,408,car,168,345
2041,408,car,167,355
2042,408,car,167,364
2043,408,car,167,373
2044,408,car,167,383
2045,408,car,166,393
2046,409,car,400,166
2047,409,car,390,167
2048,409,car,381,166
2049,409,car,372,166
2050,409,car,363,165
2051,409,car,353,165
2052,409,car,344,165
2053,409,car,336,164
2054,409,car,326,164
2055,409,car,317,164
2056,409,car,308,164
2057,409,car,298,165
2058,409,car,288,165
2059,409,car,279,165
2060,409,car,269,166
2061,409,car,259,166
2062,409,car,250,166
2063,409,car,241,165
2064,409,car,232,165
2065,409,car,223,165
2066,409,car,213,165
2067,409,car,204,166
2068,409,car,194,166
2069,409,car,184,166
2070,409,car,175,166
2071,409,car,175,175
2072,409,car,174,185
2073,409,car,174,194
2074,409,car,174,203
2075,409,car,174,213
2076,409,car,173,222
2077,409,car,172,232
2078,409,car,172,242
2079,409,car,171,251
2080,409,car,171,261
2081,409,car,170,271
2082,409,car,169,281
2083,409,car,169,290
2084,409,car,169,299
2085,409,car,169,308
2086,409,car,169,318
2087,409,car,169,327
2088,409,car,168,337
2089,409,car,168,346
2090,409,car,168,355
2091,409,car,168,364
2092,409,car,167,374
2093,409,car,167,383
2094,409,car,166,393
2095,410,car,400,166
2096,410,car,390,167
2097,410,car,381,166
2098,410,car,370,167
2099,410,car,361,167
2100,410,car,352,166
2101,410,car,343,166
2102,410,car,334,166
2103,410,car,324,166
2104,410,car,314,167
2105,410,car,304,167
2106,410,car,295,167
2107,410,car,285,167
2108,410,car,276,167
2109,410,car,267,166
2110,410,car,257,166
2111,410,car,248,166
2112,410,car,238,167
2113,410,car,229,166
2114,410,car,219,167
2115,410,car,210,167
2116,410,car,201,166
2117,410,car,191,166
2118,410,car,182,167
2119,410,car,173,166
2120,410,car,172,176
2121,410,car,172,185
2122,410,car,172,194
2123,410,car,172,203
2124,410,car,172,212
2125,410,car,171,222
2126,410,car,171,231
2127,410,car,171,241
2128,410,car,171,250
2129,410,car,170,260
2130,410,car,169,270
2131,410,car,169,280
2132,410,car,168,289
2133,410,car,168,299
2134,410,car,168,308
2135,410,car,168,317
2136,410,car,168,327
2137,410,car,168,336
2138,410,car,168,345
2139,410,car,167,355
2140,410,car,168,364
2141,410,car,167,373
2142,410,car,166,383
2143,410,car,166,392
2144,411,car,400,166
2145,411,car,390,166
2146,411,car,381,166
2147,411,car,371,166
2148,411,car,362,166
2149,411,car,353,166
2150,411,car,344,165
2151,411,car,334,166
2152,411,car,324,166
2153,411,car,314,167
2154,411,car,305,166
2155,411,car,295,167
2156,411,car,286,167
2157,411,car,277,166
2158,411,car,268,166
2159,411,car,258,166
2160,411,car,248,167
2161,411,car,238,167
2162,411,car,229,167
2163,411,car,219,168
2164,411,car,209,168
2165,411,car,200,167
2166,411,car,191,167
2167,411,car,181,167
2168,411,car,171,168
2169,411,car,162,168
2170,411,car,153,167
2171,411,car,144,167
2172,411,car,134,167
2173,411,car,125,167
2174,411,car,116,166
2175,411,car,107,166
2176,411,car,97,166
2177,411,car,87,167
2178,411,car,77,167
2179,411,car,69,166
2180,411,car,59,167
2181,411,car,49,167
2182,411,car,40,166
2183,411,car,31,166
2184,411,car,21,166
2185,411,car,12,166
2186,412,car,400,166
2187,412,car,391,166
2188,412,car,381,166
2189,412,car,371,166
2190,412,car,361,167
2191,412,car,352,167
2192,412,car,342,167
2193,412,car,332,168
2194,412,car,323,168
2195,412,car,313,168
2196,412,car,303,168
2197,412,car,294,168
2198,412,car,285,168
2199,412,car,275,167
2200,412,car,266,168
2201,412,car,256,168
2202,412,car,246,168
2203,412,car,237,168
2204,412,car,228,168
2205,412,car,218,168
2206,412,car,208,168
2207,412,car,199,168
2208,412,car,190,167
2209,412,car,181,167
2210,412,car,171,167
2211,412,car,162,167
2212,412,car,152,167
2213,412,car,143,167
2214,412,car,133,167
2215,412,car,124,167
2216,412,car,115,167
2217,412,car,105,167
2218,412,car,95,167
2219,412,car,86,167
2220,412,car,76,167
2221,412,car,66,168
2222,412,car,56,168
2223,412,car,47,168
2224,412,car,38,167
2225,412,car,29,167
2226,412,car,20,166
2227,412,car,10,166
2228,413,car,400,166
2229,413,car,390,167
2230,413,car,381,166
2231,413,car,371,166
2232,413,car,362,166
2233,413,car,352,166
2234,413,car,343,166
2235,413,car,334,165
2236,413,car,326,165
2237,413,car,316,165
2238,413,car,307,164
2239,413,car,298,164
2240,413,car,288,165
2241,413,car,279,164
2242,413,car,270,164
2243,413,car,261,163
2244,413,car,252,163
2245,413,car,242,164
2246,413,car,233,164
2247,413,car,223,164
2248,413,car,213,165
2249,413,car,204,165
2250,413,car,195,165
2251,413,car,185,164
2252,413,car,177,164
2253,413,car,167,164
2254,413,car,157,165
2255,413,car,148,164
2256,413,car,139,164
2257,413,car,130,164
2258,413,car,121,164
2259,413,car,111,164
2260,413,car,102,164
2261,413,car,93,164
2262,413,car,83,165
2263,413,car,74,165
2264,413,car,64,165
2265,413,car,55,165
2266,413,car,45,166
2267,413,car,35,166
2268,413,car,26,166
2269,413,car,17,166
2270,413,car,7,166
2271,414,car,400,166
2272,414,car,390,166
2273,414,car,380,167
2274,414,car,371,166
2275,414,car,362,166
2276,414,car,353,165
2277,414,car,343,166
2278,414,car,334,166
2279,414,car,325,165
2280,414,car,316,165
2281,414,car,306,165
2282,414,car,296,166
2283,414,car,287,165
2284,414,car,278,166
2285,414,car,268,166
2286,414,car,259,165
2287,414,car,249,166
2288,414,car,239,166
2289,414,car,230,167
2290,414,car,220,167
2291,414,car,211,166
2292,414,car,202,166
2293,414,car,192,167
2294,414,car,182,167
2295,414,car,173,166
2296,414,car,165,166
2297,414,car,156,165
2298,414,car,146,165
2299,414,car,136,166
2300,414,car,127,165
2301,414,car,118,165
2302,414,car,108,166
2303,414,car,99,166
2304,414,car,89,166
2305,414,car,79,166
2306,414,car,71,166
2307,414,car,62,165
2308,414,car,52,165
2309,414,car,43,165
2310,414,car,33,166
2311,414,car,24,166
2312,414,car,15,166
2313,414,car,6,166
2314,415,car,400,166
2315,415,car,391,166
2316,415,car,381,166
2317,415,car,371,166
2318,415,car,362,166
2319,415,car,352,166
2320,415,car,343,166
2321,415,car,334,166
2322,415,car,324,167
2323,415,car,315,166
2324,415,car,305,166
2325,415,car,295,167
2326,415,car,286,166
2327,415,car,276,167
2328,415,car,267,166
2329,415,car,257,167
2330,415,car,248,167
2331,415,car,239,166
2332,415,car,230,166
2333,415,car,221,166
2334,415,car,211,166
2335,415,car,202,166
2336,415,car,193,165
2337,415,car,183,166
2338,415,car,174,165
2339,415,car,165,165
2340,415,car,156,165
2341,415,car,146,165
2342,415,car,138,164
2343,415,car,128,164
2344,415,car,119,164
2345,415,car,110,164
2346,415,car,101,164
2347,415,car,92,164
2348,415,car,83,164
2349,415,car,73,164
2350,415,car,63,165
2351,415,car,54,165
2352,415,car,44,166
2353,415,car,34,166
2354,415,car,24,167
2355,415,car,15,166
2356,415,car,5,166
2357,416,car,400,166
2358,416,car,390,167
2359,416,car,380,166
2360,416,car,370,167
2361,416,car,361,167
2362,416,car,351,167
2363,416,car,342,167
2364,416,car,333,166
2365,416,car,323,166
2366,416,car,314,166
2367,416,car,304,167
2368,416,car,294,167
2369,416,car,285,167
2370,416,car,275,167
2371,416,car,265,168
2372,416,car,255,168
2373,416,car,245,167
2374,416,car,245,157
2375,416,car,245,148
2376,416,car,244,138
2377,416,car,243,130
2378,416,car,242,120
2379,416,car,241,111
2380,416,car,241,101
2381,416,car,240,92
2382,416,car,240,82
2383,416,car,239,73
2384,416,car,239,63
2385,416,car,238,53
2386,416,car,237,44
2387,416,car,236,34
2388,416,car,235,25
2389,416,car,234,16
2390,416,car,233,7
2391,417,car,400,166
2392,417,car,390,166
2393,417,car,381,166
2394,417,car,371,166
2395,417,car,362,166
2396,417,car,353,165
2397,417,car,344,165
2398,417,car,335,165
2399,417,car,325,165
2400,417,car,315,166
2401,417,car,305,167
2402,417,car,296,167
2403,417,car,286,166
2404,417,car,277,166
2405,417,car,268,166
2406,417,car,258,167
2407,417,car,248,166
2408,417,car,240,166
2409,417,car,240,156
2410,417,car,239,146
2411,417,car,239,137
2412,417,car,239,127
2413,417,car,238,118
2414,417,car,238,108
2415,417,car,237,99
2416,417,car,237,89
2417,417,car,237,80
2418,417,car,237,70
2419,417,car,236,61
2420,417,car,235,52
2421,417,car,234,43
2422,417,car,233,34
2423,417,car,234,24
2424,417,car,233,15
2425,417,car,232,6
2426,418,car,400,166
2427,418,car,389,167
2428,418,car,380,166
2429,418,car,372,166
2430,418,car,362,166
2431,418,car,352,166
2432,418,car,343,166
2433,418,car,333,166
2434,418,car,325,166
2435,418,car,315,166
2436,418,car,306,165
2437,418,car,297,165
2438,418,car,288,165
2439,418,car,278,165
2440,418,car,269,166
2441,418,car,259,166
2442,418,car,250,166
2443,418,car,241,166
2444,418,car,241,156
2445,418,car,241,146
2446,418,car,241,136
2447,418,car,241,126
2448,418,car,241,116
2449,418,car,240,106
2450,418,car,240,96
2451,418,car,239,88
2452,418,car,239,78
2453,418,car,237,69
2454,418,car,237,59
2455,418,car,236,50
2456,418,car,236,41
2457,418,car,236,31
2458,418,car,234,22
2459,418,car,233,13
2460,419,car,400,166
2461,419,car,391,166
2462,419,car,382,165
2463,419,car,372,166
2464,419,car,362,166
2465,419,car,353,166
2466,419,car,343,167
2467,419,car,333,167
2468,419,car,323,167
2469,419,car,314,167
2470,419,car,305,166
2471,419,car,296,166
2472,419,car,287,165
2473,419,car,278,165
2474,419,car,268,166
2475,419,car,259,166
2476,419,car,249,166
2477,419,car,240,166
2478,419,car,239,157
2479,419,car,239,147
2480,419,car,239,137
2481,419,car,239,127
2482,419,car,239,118
2483,419,car,238,109
2484,419,car,237,100
2485,419,car,237,90
2486,419,car,236,81
2487,419,car,236,71
2488,419,car,235,62
2489,419,car,235,53
2490,419,car,235,43
2491,419,car,234,34
2492,419,car,234,25
2493,419,car,233,15
2494,419,car,233,6
2495,420,car,400,166
2496,420,car,391,166
2497,420,car,381,166
2498,420,car,372,166
2499,420,car,363,165
2500,420,car,354,165
2501,420,car,344,165
2502,420,car,335,165
2503,420,car,326,165
2504,420,car,317,165
2505,420,car,307,165
2506,420,car,298,165
2507,420,car,288,165
2508,420,car,279,166
2509,420,car,268,166
2510,420,car,259,166
2511,420,car,250,166
2512,420,car,241,166
2513,420,car,241,156
2514,420,car,241,146
2515,420,car,240,137
2516,420,car,239,128
2517,420,car,238,119
2518,420,car,237,111
2519,420,car,236,101
2520,420,car,236,92
2521,420,car,236,82
2522,420,car,235,73
2523,420,car,235,64
2524,420,car,235,54
2525,420,car,234,45
2526,420,car,234,35
2527,420,car,234,26
2528,420,car,234,16
2529,420,car,234,6
